FeedbackID,StudentID,CompanyID,InternshipID,Rating,Comments
1,14,87,30,4,Inside through subject audience laugh.
2,4,80,72,3,Matter others life agency behind.
3,79,29,83,1,Impact two grow water only simple tax.
4,82,60,90,3,Customer dream such cultural worry end.
5,84,53,15,2,Response usually letter short police few ready our.
6,6,5,39,4,Boy back nearly instead yes tonight the.
7,15,13,31,5,Wait market people avoid image leg thing.
8,18,50,59,3,Feeling raise possible example car tend thought leader.
9,86,96,90,5,Board particularly Republican heart.
10,54,76,96,2,Skin point him price paper.
11,54,84,13,4,Share measure machine various maintain stage.
12,79,53,36,1,Car ten culture event grow natural thousand.
13,89,48,28,4,General yourself others point open television organization.
14,57,31,47,1,Maybe foot campaign start start table explain.
15,88,48,70,3,Modern have serious idea weight some.
16,8,51,36,2,Above huge modern cell skin bed.
17,16,59,12,2,Always rest during detail hit raise writer movement.
18,83,82,77,1,Mother pretty threat.
19,7,43,32,2,Learn team hear resource while particular water.
20,73,27,9,5,Water son describe usually also reach.
21,27,76,28,2,Admit require our discussion.
22,43,100,19,5,Population win full figure young evidence successful.
23,1,36,19,2,Out research Congress difference body interesting be.
24,70,33,23,1,Suddenly thus oil window.
25,85,4,17,1,Majority able PM size herself.
26,46,31,76,3,Imagine trouble note travel.
27,3,23,34,1,Lose best tonight rate model modern.
28,17,95,54,5,Man fall authority use point population.
29,15,96,9,4,Everybody least bar scientist address blood.
30,58,100,47,5,Little list guy say eat south door.
31,76,14,58,5,Eight together bank like.
32,29,79,6,5,Second month run pretty response.
33,39,59,83,1,Off smile keep policy now care between.
34,8,62,52,4,Talk anyone though among everybody card performance.
35,88,14,63,4,Campaign side less involve movement.
36,10,11,42,5,Care suddenly with my.
37,19,9,17,3,Between marriage forget recently forward.
38,80,82,75,5,Pretty discover their field.
39,92,42,49,5,Security pass staff research discuss project.
40,68,38,59,5,Each catch miss past.
41,78,56,13,1,Church place nice the policy main smile area.
42,84,84,99,5,Result increase yes them onto star worry charge.
43,93,28,56,4,Leader break race culture speech arrive report drug.
44,30,53,44,4,Court by grow cell.
45,52,54,94,1,Forget under size create sign fight game financial.
46,41,55,41,3,Reason medical option task seek nothing.
47,48,20,88,4,Its source treat drop true history.
48,9,12,11,1,Individual each establish peace window.
49,56,13,96,3,Cause executive beyond structure law blue.
50,17,72,8,5,Specific song hundred decade produce.
51,72,72,43,1,Much peace within beautiful mean.
52,53,46,86,4,Tough but view or score.
53,93,7,37,5,Feel fly standard evening.
54,40,46,14,5,Follow end religious happen.
55,65,28,20,4,Director meet this set whose.
56,29,14,45,5,Offer summer economic.
57,48,15,98,3,Data east community knowledge.
58,74,29,55,5,Usually cut rather edge leg city find.
59,99,80,79,5,Across pull well population claim believe matter mother.
60,4,78,85,3,Under measure produce eye recent put group.
61,4,24,35,3,Follow near not fill kind.
62,44,45,1,2,Memory few various window account collection.
63,19,73,85,4,Anyone successful significant soon person life medical.
64,9,19,95,1,Step none which professor say eight.
65,12,96,68,2,Huge prove or step dark.
66,49,54,59,3,It community expert assume piece ground daughter.
67,21,48,40,3,Among approach important expert white.
68,100,73,77,1,Meet piece early above Democrat.
69,7,20,21,5,Point everything care.
70,7,87,11,3,Represent develop become.
71,57,85,55,4,Community world some international.
72,78,57,54,3,Between eight money know.
73,28,97,66,1,High environment away.
74,45,56,15,3,Central lawyer whom listen network.
75,87,87,76,4,Office ok laugh then institution.
76,68,86,40,1,Fine within start investment finally.
77,29,51,77,1,Public wear fill follow eat speak.
78,1,27,39,2,Benefit turn enter attorney sell religious.
79,99,18,98,3,Some enough establish beyond pull table out.
80,38,42,16,1,Mean work statement financial red know school.
81,64,96,56,2,Statement them clearly never address.
82,17,49,69,2,Traditional fly during as everything call learn.
83,65,72,86,3,Stay stand fine whole.
84,10,51,95,1,Another possible during dog officer southern indicate.
85,56,3,59,1,Phone because history paper later answer.
86,41,74,55,5,In message or story let.
87,52,91,82,4,Admit factor unit man.
88,38,15,52,1,Baby everybody necessary happy middle.
89,42,22,80,4,None air else example question defense boy father.
90,89,47,12,4,Return hear thus forget mention ten.
91,14,32,56,5,Job general note nature provide.
92,52,68,11,4,Subject off card deal so how find.
93,40,96,44,2,Clearly term pick reality behind specific career.
94,43,100,22,1,Fish speech network clearly about tonight cup.
95,66,82,15,5,Laugh campaign hold.
96,66,25,100,3,Perhaps decision structure fund or.
97,45,94,83,2,Prevent rule phone middle again edge they.
98,31,14,19,3,Center most available keep second.
99,26,23,78,2,War each community quickly response send road.
100,98,98,84,1,Nation though ball past.
