InternshipID,CompanyID,Title,Description,Deadline,InternshipType,Duration,Stipend,WorkMode,InternshipCategory
1,69,Hydrologist,All identify about chair purpose conference. Check specific without end suggest staff people.,2026-07-20,Academic Credit,14,0,Remote,Engineering
2,23,Furniture conservator/restorer,Again discuss result example address never dinner major. Board town agency human accept focus.,2026-05-28,Unpaid,22,0,Onsite,Engineering
3,77,Location manager,Father current moment dinner career. Stage there challenge appear police.,2026-07-12,Paid,17,23827.48,Onsite,Finance
4,66,"Surveyor, building",Understand traditional wonder threat. Medical small which now get street industry.,2026-07-28,Academic Credit,7,0,Onsite,Data Science
5,33,"Pharmacist, community",Take oil eat structure phone guess action. Respond pattern door include seat hot.,2026-07-05,Paid,5,38351.41,Remote,Data Science
6,88,Telecommunications researcher,Fear until you. Catch experience product window worry matter mean.,2026-07-03,Academic Credit,10,0,Onsite,Finance
7,86,Pensions consultant,Treatment new never bring less different.,2026-08-12,Paid,14,34926.22,Hybrid,Engineering
8,39,"Engineer, maintenance",State community yet how poor rich point. That money center room treatment hour.,2026-06-06,Academic Credit,20,0,Onsite,HR
9,42,Retail buyer,Direction benefit size. Mr respond a education worry.,2026-06-05,Unpaid,16,0,Hybrid,Marketing
10,17,"Scientist, research (physical sciences)",Plant effect poor art will administration condition. Measure president history fall.,2026-07-15,Academic Credit,10,0,Onsite,HR
11,87,Geochemist,Movie former will against democratic.,2026-07-18,Unpaid,9,0,Hybrid,Data Science
12,52,Radio producer,Let its fall choice huge be space. Might own whom many will.,2026-06-23,Unpaid,21,0,Remote,Marketing
13,27,"Research officer, government",Check work land.,2026-07-11,Unpaid,17,0,Hybrid,Data Science
14,42,Brewing technologist,Yet gas real shake leader. Many modern poor article deal institution fund.,2026-07-20,Academic Credit,18,0,Onsite,Finance
15,28,"Scientist, research (physical sciences)",Magazine paper under.,2026-07-15,Academic Credit,20,0,Onsite,HR
16,85,Emergency planning/management officer,Class significant around but relationship positive.,2026-07-25,Paid,6,21351.46,Hybrid,HR
17,43,Actuary,Garden get major race west structure simply.,2026-08-02,Academic Credit,6,0,Remote,HR
18,29,Biomedical engineer,Read arm main pretty yourself. Child government explain become.,2026-08-01,Unpaid,10,0,Remote,Engineering
19,32,Regulatory affairs officer,Find hair cover big of. Market film any sense.,2026-07-19,Paid,19,34450.96,Remote,Finance
20,81,Oceanographer,Eat of right physical.,2026-08-06,Unpaid,22,0,Remote,HR
21,50,Actuary,Value ability nation rule which represent.,2026-08-07,Academic Credit,19,0,Onsite,Design
22,84,Sub,Feeling also senior federal again become long miss.,2026-07-07,Paid,4,45706.39,Remote,Finance
23,23,Commercial horticulturist,South hair visit know doctor news factor.,2026-05-29,Paid,20,28582.0,Hybrid,Design
24,59,Clinical psychologist,Travel man health camera. Talk building until hot become apply night itself.,2026-07-29,Paid,8,42056.66,Hybrid,Data Science
25,77,Visual merchandiser,Husband past tree responsibility method ball. Cup weight inside.,2026-07-07,Academic Credit,14,0,Onsite,Data Science
26,65,Oncologist,Prove rich might could least. Around could leave young condition memory idea.,2026-06-17,Academic Credit,17,0,Hybrid,Finance
27,96,Tour manager,Lay while avoid letter save quality top. Around or present to analysis watch various leg.,2026-06-08,Paid,19,28002.79,Remote,HR
28,99,"Education officer, community",Today talk almost college receive wall party. One doctor impact loss sort born large rock.,2026-07-29,Unpaid,20,0,Onsite,HR
29,36,Advice worker,Rock couple decide.,2026-07-05,Paid,18,13099.33,Onsite,Design
30,43,Building control surveyor,Foreign catch see outside relationship writer light. Discussion unit president sport yourself.,2026-08-14,Unpaid,14,0,Hybrid,Engineering
31,20,Gaffer,Score human street boy thought admit when.,2026-06-20,Paid,11,25321.41,Remote,HR
32,9,Marketing executive,Pick effort debate commercial letter affect size.,2026-05-29,Paid,17,26303.97,Hybrid,Finance
33,8,"Engineer, electronics",Miss vote once attack scene nature. Pretty development water writer financial appear left.,2026-07-03,Unpaid,10,0,Onsite,Finance
34,90,Cabin crew,Interview accept eight or. Increase skill movie thank bag.,2026-06-28,Academic Credit,4,0,Hybrid,Finance
35,1,Cartographer,Trouble little simple attention sure until. Future true reach especially.,2026-05-29,Unpaid,15,0,Onsite,Finance
36,69,Environmental health practitioner,Fight effort region where serious. After follow talk law.,2026-07-29,Unpaid,21,0,Hybrid,Design
37,29,Operational researcher,Pass can might born build in.,2026-05-29,Unpaid,12,0,Onsite,Finance
38,50,Community arts worker,Present discussion sometimes item event type blood. Only four head remember beat whom similar.,2026-06-04,Paid,14,36754.94,Onsite,HR
39,60,Museum/gallery curator,Never deal significant indicate size particularly statement. Policy ask house strategy light official ten.,2026-07-02,Paid,8,49228.88,Hybrid,Engineering
40,76,Geophysicist/field seismologist,Between certain food camera. Hear century reality century.,2026-08-10,Unpaid,22,0,Hybrid,Engineering
41,83,Geophysical data processor,Sound however care goal return. Important increase end sister.,2026-06-19,Paid,17,15427.98,Onsite,Design
42,34,Physiotherapist,Former poor necessary us.,2026-06-27,Paid,16,23094.11,Onsite,Marketing
43,98,Hotel manager,Nature former should reflect. Add billion home detail.,2026-08-07,Unpaid,16,0,Onsite,Finance
44,11,"Designer, textile",Reduce short party exist I. Short woman yet.,2026-06-14,Unpaid,19,0,Remote,HR
45,7,"Research officer, political party",Operation business watch join. Do increase writer.,2026-06-08,Academic Credit,15,0,Remote,HR
46,100,Aeronautical engineer,Sea consumer its lead news woman affect mission.,2026-07-30,Paid,24,11610.33,Remote,Design
47,3,Speech and language therapist,Entire Democrat policy truth remain air however spend. Stuff consider idea throughout.,2026-07-01,Paid,23,16095.29,Remote,Finance
48,15,"Administrator, local government",President bar decision sign reveal.,2026-06-26,Academic Credit,22,0,Remote,Finance
49,33,Data processing manager,Today wrong thought begin common hot analysis.,2026-08-07,Academic Credit,15,0,Remote,Data Science
50,96,Recycling officer,Effort short politics simple.,2026-07-01,Academic Credit,7,0,Remote,Marketing
51,75,Plant breeder/geneticist,Represent series individual manager debate today. Think once positive son ever.,2026-06-07,Paid,4,47155.49,Hybrid,HR
52,51,Hydrographic surveyor,Be station red outside.,2026-07-24,Unpaid,10,0,Remote,Data Science
53,81,"Sound technician, broadcasting/film/video",Middle too performance teach work.,2026-06-24,Academic Credit,11,0,Remote,HR
54,88,"Surveyor, building control",Nearly successful cause level say draw.,2026-06-14,Unpaid,23,0,Remote,Data Science
55,45,Patent examiner,Less special happy half answer. Force environmental adult line soon popular agreement.,2026-07-21,Paid,21,27135.12,Onsite,Engineering
56,83,"Surveyor, building control",Probably network structure bad. Great realize early better expert woman sport.,2026-08-06,Academic Credit,14,0,Remote,Finance
57,14,Ergonomist,Eye bill yes consider statement play evening. Main shake perform compare modern eat.,2026-07-12,Unpaid,17,0,Onsite,HR
58,91,Operations geologist,Indeed space husband nor member apply question.,2026-06-09,Unpaid,8,0,Onsite,Design
59,67,Curator,Maintain capital practice.,2026-07-10,Academic Credit,24,0,Onsite,Data Science
60,100,Building services engineer,Material picture serve beyond.,2026-08-01,Academic Credit,19,0,Onsite,Finance
61,76,Special educational needs teacher,Nature shake real know Congress. Tend same when certain never day similar.,2026-07-26,Academic Credit,12,0,Onsite,Design
62,36,Information systems manager,System authority how girl kid open.,2026-06-19,Paid,18,19754.54,Onsite,Data Science
63,86,"Engineer, production",Cold beat recognize explain middle.,2026-06-19,Academic Credit,16,0,Onsite,Engineering
64,42,Hospital doctor,Agency practice beautiful significant special. Job build different market then ability house.,2026-06-06,Unpaid,9,0,Onsite,Design
65,34,Structural engineer,Whom whether black how lead.,2026-07-05,Unpaid,14,0,Onsite,Data Science
66,36,Building control surveyor,Ten money sport nearly three less.,2026-06-23,Academic Credit,21,0,Remote,Data Science
67,11,Contractor,Interview run star force south pull people.,2026-06-15,Paid,11,38802.99,Onsite,Data Science
68,89,Civil Service fast streamer,Town husband environmental stuff pay go.,2026-08-03,Paid,19,35836.12,Onsite,Finance
69,12,Call centre manager,Close role financial many agency. Friend development yes thought fight offer section.,2026-06-23,Paid,13,18863.86,Hybrid,Design
70,85,Agricultural consultant,Tonight those scientist he no. Partner for all southern these still machine.,2026-08-07,Unpaid,22,0,Onsite,Finance
71,68,Metallurgist,Foreign the environment choose security international.,2026-08-05,Academic Credit,15,0,Onsite,HR
72,43,Corporate investment banker,Several alone then region. Want safe challenge happen.,2026-07-29,Academic Credit,15,0,Hybrid,Finance
73,40,Consulting civil engineer,Little inside career person candidate add safe. Network back learn understand order.,2026-07-25,Unpaid,12,0,Remote,Engineering
74,25,"Solicitor, Scotland",Level simply little. Whose college describe message.,2026-08-14,Academic Credit,14,0,Remote,HR
75,98,Technical sales engineer,Hotel walk need.,2026-06-02,Academic Credit,9,0,Remote,Design
76,62,Clinical biochemist,Conference company wait network.,2026-06-27,Academic Credit,12,0,Hybrid,Data Science
77,77,Warden/ranger,Detail scene why edge trouble see.,2026-07-28,Academic Credit,13,0,Remote,Design
78,30,"Engineer, drilling",Who during away others nearly decade career ok.,2026-06-11,Unpaid,15,0,Remote,Marketing
79,91,Research scientist (life sciences),Girl effort effect line than benefit.,2026-06-22,Paid,21,15063.32,Remote,Engineering
80,38,"Surveyor, minerals",Begin enter hear fire. Light friend assume worry forget population factor.,2026-07-18,Academic Credit,8,0,Hybrid,Finance
81,2,Lawyer,Ten take letter current reality save.,2026-07-13,Paid,22,21373.57,Onsite,Finance
82,24,Minerals surveyor,Three agent partner result. Boy trial dark for.,2026-07-03,Unpaid,5,0,Onsite,Finance
83,9,"Civil engineer, contracting",Of during home report expect chair.,2026-06-11,Paid,16,29669.86,Hybrid,HR
84,7,Barrister,Push guess much debate PM pattern to.,2026-07-11,Academic Credit,8,0,Remote,Data Science
85,11,International aid/development worker,North affect his rather hair. There station often nation summer light ahead.,2026-08-05,Unpaid,11,0,Remote,Data Science
86,78,Horticultural consultant,Glass meeting social each. Toward lead moment market why big.,2026-07-04,Unpaid,23,0,Hybrid,Design
87,49,"Administrator, Civil Service",Discover money girl strategy employee.,2026-07-26,Academic Credit,18,0,Onsite,Marketing
88,55,"Therapist, nutritional",Turn still after time fire. Effort short set sell under pay.,2026-07-24,Academic Credit,13,0,Hybrid,Data Science
89,79,Printmaker,Ground vote woman accept leave admit game. Quickly go loss foreign building decision realize paper.,2026-07-20,Paid,7,47903.61,Remote,HR
90,34,Legal executive,Hit law job.,2026-07-14,Paid,6,16282.28,Remote,Data Science
91,21,"Teacher, English as a foreign language",Challenge bit lot do. Which impact best member.,2026-07-26,Paid,4,26340.7,Hybrid,Data Science
92,38,Furniture conservator/restorer,Officer ago bar center involve.,2026-07-25,Unpaid,5,0,Remote,Marketing
93,37,"Designer, blown glass/stained glass",Quickly reflect Mrs management since bag move.,2026-06-10,Academic Credit,18,0,Remote,HR
94,34,"Designer, jewellery",Bring decide source cold send thus behavior. Tree firm happy woman politics very.,2026-07-17,Paid,24,33591.58,Remote,Finance
95,70,"Teacher, early years/pre",Ago night green chair both. White hope design minute.,2026-08-07,Paid,11,35905.39,Onsite,Design
96,8,Trading standards officer,Talk Congress culture conference prevent when sort. Movement war none small door art.,2026-08-11,Paid,9,41705.14,Hybrid,HR
97,37,"Geologist, wellsite",Water much resource shoulder memory. Least take hundred building.,2026-07-29,Academic Credit,18,0,Remote,Finance
98,39,"Scientist, research (medical)",Hotel charge four account upon. Later test face them whatever.,2026-07-04,Academic Credit,16,0,Onsite,Data Science
99,64,Commercial horticulturist,Cover join right politics any focus short.,2026-07-20,Academic Credit,18,0,Remote,Data Science
100,56,Clinical cytogeneticist,Month hand recognize finish. Film meet take.,2026-06-18,Paid,14,34148.55,Remote,Engineering
